url,label
https://github.com/login,0
https://accounts.google.com/signin/v2/identifier,0
https://appleid.apple.com/sign-in,0
https://login.microsoftonline.com/common/oauth2/authorize,0
https://www.amazon.com/ap/signin,0
https://www.facebook.com/login.php,0
https://twitter.com/i/flow/login,0
https://www.linkedin.com/uas/login,0
https://www.instagram.com/accounts/login/,0
https://www.netflix.com/login,0
https://www.paypal.com/signin,0
https://www.ebay.com/signin,0
https://www.dropbox.com/login,0
https://accounts.spotify.com/en/login,0
https://www.reddit.com/login,0
https://login.yahoo.com/account/login,0
https://outlook.live.com/owa/,0
https://mail.google.com/mail/u/0/,0
https://drive.google.com/drive/my-drive,0
https://www.chase.com/,0
https://www.bankofamerica.com/,0
https://www.wellsfargo.com/,0
https://www.citi.com/,0
https://www.hsbc.com/,0
https://www.santander.com/,0
https://www.binance.com/en/login,0
https://www.coinbase.com/signin,0
https://steamcommunity.com/login/home/,0
https://discord.com/login,0
https://www.tiktok.com/login,0
https://accounts.shopify.com/store-login,0
https://squareup.com/login,0
https://zoom.us/signin,0
https://slack.com/signin,0
https://www.notion.so/login,0
https://www.figma.com/login,0
https://www.dhl.com/express/login,0
https://www.fedex.com/fedextrack/login,0
https://www.usps.com/login,0
https://www.airbnb.com/login,0
https://www.uber.com/login,0
https://www.lyft.com/login,0
https://www.doordash.com/login,0
https://www.booking.com/login,0
https://www.expedia.com/login,0
https://www.adobe.com/signin,0
https://login.salesforce.com/,0
https://app.hubspot.com/login,0
https://id.atlassian.com/login,0
https://gitlab.com/users/sign_in,0
https://bitbucket.org/account/signin/,0
https://medium.com/m/signin,0
https://www.quora.com/login,0
https://www.pinterest.com/login,0
